{"camera": {"camera_lensType": "Perspective", "camera_location": "144.074249200139,-240.897548529406,174.639799067526", "camera_clippingNear": 266.33862192282152, "camera_width": 954, "camera_rotation": "1.0210144369610938, 5.5511151231257827e-17, 0.47646218380908395", "camera_lensLength": 0.73944215872554819, "camera_height": 844, "camera_clippingFar": 387.88349052611972}, "world": {"sun_enabled": false, "groundplane_height": -28.002500000000001, "sun_vector": "0.770698456311231,0.10753649125081,-0.628060341439379", "groundplane_enabled": true, "ambientocclusion_enabled": true, "ambientocclusion_factor": 1.0}, "savepath": "C:\\Users\\Alasdair\\Desktop\\\\", "object": "RhinoCrashDump200302_16h42m58s.obj", "settings": {"render_bouncesTransmission": 0, "render_scale": 50, "render_samples": 16, "render_bouncesGlossy": 0, "render_bouncesTransparency": 0, "render_bouncesVolume": 0, "render_clampingIndirect": 10, "render_Denoising": true, "render_bouncesDiffuse": 2, "render_engine": "CYCLES", "render_clampingDirect": 0.050000000000000003, "render_bouncesTotal": 2, "save": true}}